voivodeship,unemployment_rate
Kujawsko-pomorskie,3.8
Lubelskie,3.9
Lubuskie,.
Mazowieckie,2.4
Małopolskie,2.3
Opolskie,2.8
Podkarpackie,4.3
Podlaskie,2.3
Pomorskie,1.9
Warmińsko-mazurskie,2.5
Wielkopolskie,2.8
Zachodniopomorskie,2.2
Łódzkie,3.9
Śląskie,2.5
Świętokrzyskie,3.8
